year,TOPEX/Poseidon,Jason-1,Jason-2,Jason-3
1992.9614,-15.95,,,
1992.9865,-17.65,,,
1993.0123,-14.55,,,
1993.0407,-19.55,,,
1993.066,-24.95,,,
1993.0974,-29.05,,,
1993.1206,-27.35,,,
1993.1493,-21.55,,,
1993.1765,-18.65,,,
1993.2037,-19.15,,,
1993.2307,-22.65,,,
1993.2851,-25.95,,,
1993.3123,-19.75,,,
1993.3394,-19.55,,,
1993.3665,-16.85,,,
1993.3937,-21.75,,,
1993.4208,-26.45,,,
1993.448,-23.45,,,
1993.4751,-18.65,,,
1993.5021,-15.35,,,
1993.5294,-15.95,,,
1993.5837,-22.75,,,
1993.6117,-18.55,,,
1993.6381,-13.15,,,
1993.6652,-8.05,,,
1993.6923,-8.75,,,
1993.7189,-13.85,,,
1993.7466,-13.25,,,
1993.7738,-7.75,,,
1993.8009,-8.05,,,
1993.8553,-5.15,,,
1993.8824,-11.75,,,
1993.9098,-13.35,,,
1993.9367,-12.15,,,
1993.9639,-5.85,,,
1993.9907,-5.25,,,
1994.0181,-15.15,,,
1994.0452,-16.15,,,
1994.0723,-18.55,,,
1994.0995,-20.85,,,
1994.1267,-19.75,,,
1994.1539,-13.75,,,
1994.1809,-13.25,,,
1994.2353,-18.35,,,
1994.2624,-16.15,,,
1994.2896,-14.05,,,
1994.3168,-11.55,,,
1994.3439,-15.35,,,
1994.371,-20.25,,,
1994.3982,-23.35,,,
1994.4253,-20.45,,,
1994.4524,-14.05,,,
1994.5067,-20.15,,,
1994.5339,-18.45,,,
1994.561,-20.45,,,
1994.5882,-15.55,,,
1994.6154,-11.65,,,
1994.6425,-7.25,,,
1994.6697,-8.45,,,
1994.6968,-9.45,,,
1994.7239,-10.85,,,
1994.751,-8.65,,,
1994.7782,-6.25,,,
1994.8054,0.25,,,
1994.8325,-1.45,,,
1994.8868,-10.45,,,
1994.914,-11.75,,,
1994.9412,-3.15,,,
1994.9684,-3.55,,,
1994.9955,-8.05,,,
1995.0226,-12.15,,,
1995.0497,-15.75,,,
1995.0769,-8.35,,,
1995.104,-9.65,,,
1995.1312,-11.45,,,
1995.1583,-12.15,,,
1995.2127,-11.15,,,
1995.2398,-16.55,,,
1995.2669,-11.05,,,
1995.2941,-8.95,,,
1995.3212,-12.95,,,
1995.3755,-17.75,,,
1995.4028,-14.65,,,
1995.4298,-9.15,,,
1995.4569,-12.25,,,
1995.4841,-17.55,,,
1995.5384,-20.45,,,
1995.5655,-15.35,,,
1995.5927,-11.45,,,
1995.6199,-7.15,,,
1995.647,-10.75,,,
1995.674,-10.55,,,
1995.7013,-6.25,,,
1995.7285,2.15,,,
1995.7556,0.15,,,
1995.7827,-0.85,,,
1995.8371,-5.15,,,
1995.8643,-4.85,,,
1995.8899,-1.45,,,
1995.9456,-1.15,,,
1995.9728,-3.15,,,
1995.9998,-10.05,,,
1996.027,-13.05,,,
1996.0533,-11.55,,,
1996.0814,-7.25,,,
1996.1084,-4.05,,,
1996.1631,-11.15,,,
1996.1899,-14.35,,,
1996.2171,-11.05,,,
1996.2442,-6.75,,,
1996.2714,-9.95,,,
1996.2985,-14.45,,,
1996.3257,-14.75,,,
1996.3529,-12.35,,,
1996.38,-9.75,,,
1996.4071,-7.75,,,
1996.4342,-10.55,,,
1996.4886,-15.75,,,
1996.5157,-13.05,,,
1996.5429,-7.65,,,
1996.57,-2.55,,,
1996.5972,-4.75,,,
1996.6244,-9.75,,,
1996.6515,-9.75,,,
1996.6786,-9.95,,,
1996.7053,-2.55,,,
1996.7335,4.95,,,
1996.76,6.45,,,
1996.8144,13.05,,,
1996.8415,12.95,,,
1996.8687,9.15,,,
1996.8959,1.95,,,
1996.923,-1.65,,,
1996.9501,-5.75,,,
1996.977,-13.05,,,
1997.0044,-10.25,,,
1997.0316,-5.35,,,
1997.0587,-6.55,,,
1997.0858,-7.85,,,
1997.1402,-12.55,,,
1997.1673,-10.55,,,
1997.1944,-8.95,,,
1997.2216,-6.85,,,
1997.2487,-8.65,,,
1997.2759,-12.75,,,
1997.303,-15.45,,,
1997.3302,-11.45,,,
1997.3573,-6.15,,,
1997.3844,-8.55,,,
1997.4116,-8.45,,,
1997.4659,-15.15,,,
1997.4928,-9.65,,,
1997.5202,-6.05,,,
1997.5474,0.25,,,
1997.5745,-4.25,,,
1997.6288,-4.45,,,
1997.656,-0.25,,,
1997.683,4.55,,,
1997.7103,9.15,,,
1997.7374,6.55,,,
1997.7917,4.45,,,
1997.8189,6.75,,,
1997.846,10.95,,,
1997.8731,4.95,,,
1997.9001,-0.55,,,
1997.9274,-4.35,,,
1997.9546,-7.85,,,
1997.9817,-2.85,,,
1998.0083,-1.55,,,
1998.036,-0.85,,,
1998.0903,-8.15,,,
1998.1174,-8.45,,,
1998.1446,-6.05,,,
1998.1717,-3.95,,,
1998.1989,-3.65,,,
1998.2261,-6.95,,,
1998.2532,-10.85,,,
1998.2792,-9.15,,,
1998.3075,-4.55,,,
1998.3347,-3.45,,,
1998.3617,-6.95,,,
1998.4158,-15.95,,,
1998.4432,-13.75,,,
1998.4704,-10.05,,,
1998.4976,-3.35,,,
1998.5247,-4.45,,,
1998.5518,-9.25,,,
1998.6062,-7.05,,,
1998.6333,-4.25,,,
1998.6604,0.15,,,
1998.6876,0.65,,,
1998.7147,-4.85,,,
1998.7419,-4.35,,,
1998.7689,-2.25,,,
1998.8234,6.85,,,
1998.8505,2.85,,,
1998.8775,-3.75,,,
1998.9046,-9.85,,,
1998.9319,-3.65,,,
1998.9591,-2.95,,,
1998.9862,0.45,,,
1999.0133,-3.85,,,
1999.0405,-6.55,,,
1999.0948,-10.85,,,
1999.1256,4.05,,,
1999.1491,-0.95,,,
1999.1763,-6.05,,,
1999.2034,-11.45,,,
1999.2306,-10.05,,,
1999.2577,-7.55,,,
1999.2848,-5.05,,,
1999.3392,-7.95,,,
1999.3663,-13.45,,,
1999.3933,-15.95,,,
1999.4206,-10.15,,,
1999.4478,-11.25,,,
1999.4749,-6.95,,,
1999.502,-4.25,,,
1999.5292,-8.95,,,
1999.5566,-10.25,,,
1999.5834,-4.05,,,
1999.6106,-2.95,,,
1999.6377,2.15,,,
1999.692,-2.65,,,
1999.7192,1.65,,,
1999.7462,3.15,,,
1999.7735,11.65,,,
1999.8008,11.05,,,
1999.8278,5.75,,,
1999.855,-0.85,,,
1999.8822,-1.25,,,
1999.9092,1.75,,,
1999.9636,7.95,,,
1999.9907,6.05,,,
2000.0178,-2.75,,,
2000.045,-2.85,,,
2000.0721,3.75,,,
2000.0993,1.05,,,
2000.1264,-1.25,,,
2000.1536,-4.25,,,
2000.1807,-8.95,,,
2000.2078,-9.25,,,
2000.235,-0.85,,,
2000.2894,-2.25,,,
2000.3165,-8.15,,,
2000.3436,-12.55,,,
2000.3707,-11.95,,,
2000.3978,-8.05,,,
2000.425,-3.55,,,
2000.4522,-4.65,,,
2000.4794,-7.75,,,
2000.5065,-9.35,,,
2000.5337,-5.85,,,
2000.5879,-1.65,,,
2000.6149,0.45,,,
2000.6423,-0.85,,,
2000.6694,-6.25,,,
2000.6965,-1.65,,,
2000.7235,8.15,,,
2000.7509,13.35,,,
2000.778,12.45,,,
2000.8051,5.15,,,
2000.8595,5.05,,,
2000.886,7.95,,,
2000.9145,9.65,,,
2000.9409,7.05,,,
2000.9681,3.05,,,
2000.9952,2.75,,,
2001.0222,2.75,,,
2001.0766,4.25,,,
2001.1038,0.75,,,
2001.1309,-6.15,,,
2001.1581,-5.25,,,
2001.1852,0.75,,,
2001.2124,-0.35,,,
2001.2395,3.45,,,
2001.2666,0.75,,,
2001.2937,-2.55,,,
2001.321,-6.65,,,
2001.3482,-4.85,,,
2001.3752,0.65,,,
2001.4024,0.55,,,
2001.4296,-1.05,,,
2001.4567,-6.05,,,
2001.484,-0.55,,,
2001.511,2.35,,,
2001.5381,7.25,,,
2001.5653,4.85,,,
2001.5924,6.85,,,
2001.6195,0.55,,,
2001.6468,0.25,,,
2001.6738,5.75,,,
2001.701,16.05,,,
2001.7283,17.05,,,
2001.7553,15.25,,,
2001.7825,8.05,,,
2001.8096,4.35,,,
2001.8368,11.95,,,
2001.8639,16.85,,,
2001.8918,14.85,,,
2001.9182,11.25,,,
2001.9454,5.05,,,
2001.9725,3.95,,,
2001.9996,10.65,,,
2002.027,7.35,,,
2002.0537,,0.36,,
2002.054,5.35,,,
2002.0811,3.95,,,
2002.0819,,5.96,,
2002.1083,-1.35,6.56,,
2002.1352,,6.66,,
2002.1354,0.15,,,
2002.1626,4.75,5.26,,
2002.1897,5.25,,,
2002.1898,,-0.94,,
2002.2168,5.45,,,
2002.2169,,0.56,,
2002.2438,,-0.84,,
2002.244,-0.25,,,
2002.2711,-2.25,,,
2002.2713,,3.86,,
2002.2983,,-0.54,,
2002.2988,-6.05,,,
2002.3254,0.45,0.16,,
2002.3525,,-0.24,,
2002.3527,4.05,,,
2002.3797,3.75,1.56,,
2002.4069,1.45,0.66,,
2002.434,-5.35,-1.84,,
2002.4611,-0.85,1.76,,
2002.4883,9.15,4.66,,
2002.5155,,2.96,,
2002.5426,6.85,5.96,,
2002.5697,4.85,9.16,,
2002.5969,4.65,10.56,,
2002.6239,8.35,,,
2002.624,,12.36,,
2002.6512,,10.56,,
2002.6551,13.75,,,
2002.6783,15.35,,,
2002.6784,,9.76,,
2002.7055,,10.96,,
2002.7064,16.15,,,
2002.7326,14.45,,,
2002.7327,,14.66,,
2002.7598,,13.76,,
2002.7599,7.05,,,
2002.7863,15.75,,,
2002.7869,,18.06,,
2002.8141,,21.06,,
2002.8143,23.85,,,
2002.8413,,13.36,,
2002.8415,20.75,,,
2002.8684,19.45,13.56,,
2002.8943,,16.86,,
2002.8962,18.55,,,
2002.9227,17.75,15.06,,
2002.9498,17.55,14.16,,
2002.977,16.85,10.86,,
2003.0041,,9.16,,
2003.0042,16.85,,,
2003.0312,12.35,,,
2003.0313,,7.96,,
2003.0584,12.25,11.86,,
2003.0856,6.95,10.96,,
2003.1127,11.65,12.56,,
2003.1398,8.85,,,
2003.1399,,6.56,,
2003.167,12.75,,,
2003.1671,,4.26,,
2003.1942,12.55,5.96,,
2003.2212,6.75,,,
2003.2213,,6.86,,
2003.2484,6.95,,,
2003.2485,,5.56,,
2003.2756,7.15,,,
2003.2799,,5.46,,
2003.3028,10.35,3.06,,
2003.3299,13.15,,,
2003.33,,3.86,,
2003.357,14.15,5.26,,
2003.3842,9.25,5.56,,
2003.4113,,5.46,,
2003.4114,4.95,,,
2003.4385,7.35,2.76,,
2003.4657,12.05,3.86,,
2003.4928,10.35,1.96,,
2003.52,6.95,3.26,,
2003.547,8.05,,,
2003.5471,,7.96,,
2003.5741,3.35,,,
2003.5742,,7.46,,
2003.6014,11.25,9.96,,
2003.6286,13.45,8.36,,
2003.6556,18.85,,,
2003.6557,,12.56,,
2003.6827,18.85,,,
2003.6829,,15.56,,
2003.71,10.85,17.06,,
2003.7371,,17.96,,
2003.7372,13.05,,,
2003.7642,17.95,,,
2003.7643,,20.96,,
2003.7914,21.75,19.46,,
2003.8186,,19.26,,
2003.8187,25.15,,,
2003.8457,25.05,18.36,,
2003.8708,,16.76,,
2003.8728,14.75,,,
2003.9,15.55,,,
2003.9112,,13.06,,
2003.9271,18.95,,,
2003.9272,,17.36,,
2003.9543,21.95,15.96,,
2003.9813,20.55,,,
2003.9815,,11.56,,
2004.0086,12.45,10.96,,
2004.0358,9.05,,,
2004.0359,,14.56,,
2004.0628,,12.66,,
2004.0629,7.15,,,
2004.0898,9.05,,,
2004.0901,,10.46,,
2004.1135,,3.96,,
2004.1173,13.65,,,
2004.1443,10.35,,,
2004.1489,,8.06,,
2004.1715,12.55,8.66,,
2004.1986,5.05,7.56,,
2004.2258,7.15,,,
2004.2259,,7.86,,
2004.2513,,9.76,,
2004.2531,13.65,,,
2004.2801,14.85,6.76,,
2004.3073,,9.96,,
2004.3075,18.25,,,
2004.3343,11.85,,,
2004.3344,,5.16,,
2004.3615,9.45,5.36,,
2004.3884,7.25,,,
2004.3886,,4.46,,
2004.4158,,8.16,,
2004.4429,,7.66,,
2004.4702,,6.46,,
2004.4728,13.95,,,
2004.4971,8.85,,,
2004.4973,,10.86,,
2004.5226,5.25,,,
2004.5244,,10.76,,
2004.5497,4.15,,,
2004.5516,,9.66,,
2004.5771,6.05,,,
2004.5787,,7.96,,
2004.606,,10.56,,
2004.6063,15.05,,,
2004.633,,14.46,,
2004.6331,18.05,,,
2004.6601,,15.36,,
2004.6602,16.25,,,
2004.687,12.45,,,
2004.6873,,18.26,,
2004.7143,17.25,,,
2004.7145,,22.26,,
2004.7416,,18.76,,
2004.7417,14.45,,,
2004.7686,25.25,,,
2004.7687,,21.06,,
2004.7959,,22.56,,
2004.796,23.55,,,
2004.8231,18.65,,,
2004.8232,,21.16,,
2004.8502,16.55,21.46,,
2004.8773,16.55,,,
2004.8774,,21.16,,
2004.9044,,15.06,,
2004.9045,15.45,,,
2004.9317,,17.56,,
2004.9318,21.85,,,
2004.9541,18.45,,,
2004.959,,17.56,,
2004.9859,14.95,,,
2004.986,,22.46,,
2005.0129,3.15,,,
2005.0131,,16.36,,
2005.0401,5.55,,,
2005.0402,,14.56,,
2005.0675,11.25,15.66,,
2005.0945,16.55,13.86,,
2005.1217,12.95,13.86,,
2005.1488,5.35,,,
2005.1491,,12.96,,
2005.1759,8.35,15.96,,
2005.2031,,14.06,,
2005.2033,7.05,,,
2005.2301,,8.66,,
2005.2303,7.15,,,
2005.2574,10.15,9.16,,
2005.2844,,13.96,,
2005.2847,13.65,,,
2005.3106,3.65,,,
2005.3117,,11.06,,
2005.3389,,12.16,,
2005.3394,4.65,,,
2005.3659,7.95,,,
2005.366,,11.96,,
2005.3932,11.95,,,
2005.3933,,10.96,,
2005.42,8.55,,,
2005.4203,,11.36,,
2005.4474,7.85,12.66,,
2005.4745,3.35,,,
2005.4746,,13.16,,
2005.5017,1.55,12.76,,
2005.5289,,15.76,,
2005.5291,7.05,,,
2005.556,,12.86,,
2005.5561,11.35,,,
2005.5831,15.85,,,
2005.5833,,15.66,,
2005.6102,15.45,,,
2005.6103,,14.76,,
2005.6376,,16.96,,
2005.6377,11.25,,,
2005.6646,,20.16,,
2005.6647,11.25,,,
2005.6917,17.65,,,
2005.6918,,22.36,,
2005.7137,,22.86,,
2005.719,23.85,,,
2005.7462,23.45,,,
2005.7511,,24.06,,
2005.7656,24.05,,,
2005.7734,,25.46,,
2005.8004,,24.66,,
2005.8275,,25.16,,
2005.8547,,27.96,,
2005.8818,,26.86,,
2005.9091,,24.56,,
2005.9362,,24.46,,
2005.9633,,24.16,,
2005.9906,,23.26,,
2006.0176,,20.26,,
2006.0447,,14.56,,
2006.0719,,16.16,,
2006.0991,,15.96,,
2006.1262,,14.16,,
2006.1535,,13.66,,
2006.1804,,14.16,,
2006.2076,,9.56,,
2006.2347,,13.06,,
2006.2619,,11.96,,
2006.289,,11.56,,
2006.3163,,11.36,,
2006.3433,,11.56,,
2006.3705,,14.86,,
2006.3975,,14.86,,
2006.4248,,14.46,,
2006.4519,,14.06,,
2006.4791,,13.66,,
2006.5064,,15.66,,
2006.5334,,16.06,,
2006.5605,,16.26,,
2006.5877,,15.76,,
2006.6148,,14.46,,
2006.642,,19.06,,
2006.6691,,23.06,,
2006.6963,,24.26,,
2006.7235,,26.36,,
2006.7507,,26.36,,
2006.7777,,28.36,,
2006.8049,,28.06,,
2006.8244,,27.66,,
2006.8894,,25.06,,
2006.9135,,23.26,,
2006.9403,,26.66,,
2006.9679,,24.06,,
2006.9949,,21.66,,
2007.022,,17.66,,
2007.0492,,14.96,,
2007.0765,,16.96,,
2007.1035,,14.96,,
2007.1303,,13.76,,
2007.1578,,15.06,,
2007.1849,,12.96,,
2007.2121,,14.16,,
2007.2392,,14.46,,
2007.266,,17.06,,
2007.2935,,16.86,,
2007.3207,,15.86,,
2007.3479,,10.06,,
2007.375,,14.96,,
2007.4022,,16.16,,
2007.4292,,14.06,,
2007.4564,,10.86,,
2007.4836,,11.16,,
2007.5107,,12.56,,
2007.5378,,12.16,,
2007.565,,12.56,,
2007.5921,,15.46,,
2007.6193,,19.96,,
2007.6466,,18.76,,
2007.6736,,18.46,,
2007.7007,,20.06,,
2007.7279,,26.56,,
2007.755,,26.76,,
2007.7822,,25.66,,
2007.8093,,25.96,,
2007.8365,,23.66,,
2007.8637,,26.86,,
2007.8908,,30.86,,
2007.918,,29.06,,
2007.9451,,25.86,,
2007.9723,,19.66,,
2007.9995,,20.26,,
2008.0266,,20.16,,
2008.0537,,22.26,,
2008.0808,,20.86,,
2008.108,,17.76,,
2008.1351,,18.36,,
2008.1623,,14.86,,
2008.1894,,17.66,,
2008.2166,,17.86,,
2008.2437,,16.76,,
2008.2709,,15.16,,
2008.2981,,16.36,,
2008.3253,,16.06,,
2008.3456,,15.16,,
2008.3795,,20.46,,
2008.4066,,20.36,,
2008.4338,,18.16,,
2008.4609,,17.06,,
2008.4881,,19.16,,
2008.5152,,20.76,,
2008.5423,,21.36,,
2008.5425,,,19.84,
2008.5695,,20.36,20.14,
2008.5922,,20.36,,
2008.5968,,,19.64,
2008.6238,,,23.44,
2008.6507,,,23.64,
2008.6509,,20.56,,
2008.6781,,,24.94,
2008.6782,,24.56,,
2008.7052,,24.36,25.24,
2008.7324,,26.96,27.94,
2008.7595,,29.76,29.14,
2008.7867,,29.36,30.14,
2008.8138,,31.86,30.94,
2008.841,,,29.14,
2008.8411,,29.66,,
2008.8681,,32.26,30.84,
2008.8953,,30.96,28.94,
2008.9224,,,32.54,
2008.9225,,33.36,,
2008.9496,,27.26,26.94,
2008.9768,,,24.24,
2008.9769,,24.16,,
2009.0039,,25.06,24.84,
2009.031,,24.66,,
2009.0316,,,24.24,
2009.0582,,22.96,22.74,
2009.0853,,,21.14,
2009.1124,,,18.14,
2009.1267,,17.76,,
2009.1396,,,19.44,
2009.1531,,20.36,,
2009.1667,,,20.24,
2009.1803,,23.26,,
2009.1939,,,20.74,
2009.2074,,23.56,,
2009.221,,,21.04,
2009.2346,,22.86,,
2009.2482,,,20.74,
2009.2618,,21.66,,
2009.2753,,,19.84,
2009.2889,,19.16,,
2009.3025,,,20.24,
2009.316,,21.26,,
2009.3296,,,20.24,
2009.3432,,23.16,,
2009.3567,,,19.54,
2009.3703,,19.26,,
2009.3839,,,18.54,
2009.3975,,19.36,,
2009.4107,,,17.94,
2009.4246,,19.06,,
2009.4382,,,20.14,
2009.4518,,23.06,,
2009.4653,,,21.04,
2009.4789,,20.56,,
2009.4925,,,19.74,
2009.5061,,20.86,,
2009.5197,,,18.64,
2009.5332,,21.56,,
2009.5468,,,21.04,
2009.5604,,25.66,,
2009.574,,,25.84,
2009.5875,,26.06,,
2009.6011,,,24.04,
2009.6147,,25.46,,
2009.6283,,,26.44,
2009.6418,,26.16,,
2009.6554,,,28.04,
2009.669,,29.76,,
2009.6826,,,30.14,
2009.6947,,33.86,,
2009.7097,,,34.24,
2009.736,,30.26,,
2009.7369,,,34.64,
2009.7504,,36.36,,
2009.764,,,34.64,
2009.7776,,35.86,,
2009.7911,,,36.14,
2009.8047,,35.56,,
2009.8184,,,36.64,
2009.8319,,38.16,,
2009.8455,,,36.14,
2009.859,,34.36,,
2009.8726,,,32.14,
2009.8862,,34.46,,
2009.8998,,,33.94,
2009.9133,,34.36,,
2009.9269,,,32.04,
2009.9405,,32.76,,
2009.954,,,29.04,
2009.9676,,32.16,,
2009.9812,,,32.54,
2009.9948,,30.66,,
2010.0084,,,28.34,
2010.0219,,30.66,,
2010.0355,,,26.64,
2010.0491,,26.56,,
2010.0626,,,24.74,
2010.0762,,21.46,,
2010.0898,,,20.24,
2010.1033,,22.56,,
2010.117,,,23.64,
2010.1305,,25.86,,
2010.1441,,,25.44,
2010.1576,,27.56,,
2010.1712,,,28.54,
2010.185,,26.56,,
2010.1983,,,21.94,
2010.212,,22.06,,
2010.2255,,,22.14,
2010.239,,22.06,,
2010.2527,,,21.64,
2010.2655,,21.56,,
2010.2799,,,24.04,
2010.2935,,26.86,,
2010.3069,,,24.04,
2010.3205,,24.16,,
2010.3341,,,21.04,
2010.3477,,22.76,,
2010.3612,,,20.94,
2010.3748,,24.06,,
2010.3884,,,25.04,
2010.4019,,22.36,,
2010.4155,,,24.94,
2010.4277,,23.36,,
2010.4427,,,25.14,
2010.4562,,25.36,,
2010.4698,,,25.84,
2010.4833,,24.16,,
2010.497,,,26.04,
2010.5105,,23.26,,
2010.5242,,,26.44,
2010.5377,,25.66,,
2010.5513,,,27.94,
2010.5639,,26.66,,
2010.5784,,,27.04,
2010.592,,27.76,,
2010.6055,,,26.74,
2010.6192,,31.56,,
2010.6328,,,29.24,
2010.6463,,29.46,,
2010.6599,,,26.94,
2010.6733,,28.96,,
2010.687,,,29.94,
2010.7006,,30.36,,
2010.7142,,,30.64,
2010.7277,,31.06,,
2010.7414,,,30.84,
2010.7549,,30.56,,
2010.7685,,,32.64,
2010.782,,33.36,,
2010.7956,,,36.24,
2010.8092,,37.36,,
2010.8228,,,34.44,
2010.8364,,36.76,,
2010.8499,,,33.34,
2010.8635,,34.06,,
2010.8771,,,33.84,
2010.8906,,29.46,,
2010.9043,,,28.94,
2010.9178,,27.16,,
2010.9314,,,29.14,
2010.9449,,29.06,,
2010.9586,,,27.64,
2010.9721,,29.76,,
2010.9857,,,28.84,
2010.9993,,28.46,,
2011.0129,,,25.24,
2011.0264,,23.86,,
2011.0399,,,23.54,
2011.0536,,22.46,,
2011.0671,,,24.34,
2011.0807,,24.16,,
2011.0943,,,21.94,
2011.1078,,21.26,,
2011.1214,,,20.24,
2011.135,,21.26,,
2011.1486,,,20.44,
2011.1621,,20.96,,
2011.1757,,,20.54,
2011.1892,,19.56,,
2011.2029,,,20.24,
2011.2164,,18.36,,
2011.23,,,17.74,
2011.2436,,18.86,,
2011.2571,,,19.34,
2011.2705,,18.76,,
2011.2843,,,19.34,
2011.2978,,18.46,,
2011.3115,,,18.64,
2011.325,,16.96,,
2011.3386,,,15.64,
2011.3521,,16.96,,
2011.3657,,,19.04,
2011.3793,,16.36,,
2011.3929,,,19.84,
2011.4064,,19.46,,
2011.42,,,19.94,
2011.4336,,20.16,,
2011.4471,,,20.74,
2011.4607,,21.16,,
2011.4743,,,23.44,
2011.4879,,21.36,,
2011.5014,,,22.04,
2011.5151,,20.66,,
2011.5286,,,22.04,
2011.5421,,19.36,,
2011.5558,,,22.14,
2011.5693,,22.46,,
2011.583,,,24.34,
2011.5965,,25.56,,
2011.61,,,28.34,
2011.6236,,25.86,,
2011.6372,,,30.04,
2011.6508,,31.26,,
2011.6644,,,30.94,
2011.6778,,30.36,,
2011.6916,,,30.54,
2011.7051,,27.76,,
2011.7187,,,31.24,
2011.7319,,32.06,,
2011.7459,,,34.54,
2011.7591,,35.06,,
2011.773,,,37.54,
2011.7867,,37.56,,
2011.8002,,,38.94,
2011.8137,,33.76,,
2011.8273,,,34.54,
2011.8408,,33.86,,
2011.8544,,,33.64,
2011.868,,29.76,,
2011.8816,,,33.84,
2011.8952,,33.86,,
2011.9087,,,35.64,
2011.922,,34.06,,
2011.9358,,,35.24,
2011.9495,,33.36,,
2011.9631,,,34.84,
2011.9765,,34.66,,
2011.9902,,,33.24,
2012.0037,,30.46,,
2012.0173,,,34.14,
2012.0309,,30.06,,
2012.0445,,,32.94,
2012.058,,30.56,,
2012.0716,,,33.34,
2012.0849,,30.16,,
2012.0987,,,31.04,
2012.1119,,29.36,,
2012.1258,,,31.74,
2012.127,,28.16,,
2012.1531,,,29.24,
2012.1672,,24.66,,
2012.1802,,,28.14,
2012.2073,,,29.14,
2012.2345,,,31.04,
2012.2616,,,28.54,
2012.2888,,,27.84,
2012.3159,,,27.84,
2012.343,,,28.34,
2012.3645,,31.26,,
2012.3702,,,30.34,
2012.3944,,28.96,,
2012.3973,,,29.44,
2012.4242,,31.16,,
2012.4245,,,28.84,
2012.4517,,,32.64,
2012.454,,33.56,,
2012.4745,,30.96,,
2012.4788,,,31.44,
2012.4949,,32.76,,
2012.506,,,31.64,
2012.5247,,34.16,,
2012.5331,,,35.84,
2012.5546,,37.86,,
2012.5603,,,38.14,
2012.5844,,36.56,,
2012.5874,,,37.34,
2012.6048,,40.16,,
2012.6145,,,38.24,
2012.6252,,36.86,,
2012.6417,,,35.84,
2012.6552,,37.96,,
2012.6688,,,39.94,
2012.6849,,39.86,,
2012.6961,,,40.24,
2012.7147,,42.96,,
2012.7232,,,44.84,
2012.735,,42.56,,
2012.7503,,,45.64,
2012.7555,,46.06,,
2012.7775,,,47.64,
2012.7852,,45.96,,
2012.8046,,,45.14,
2012.8151,,44.56,,
2012.8318,,,44.44,
2012.8355,,45.46,,
2012.8559,,48.46,,
2012.8589,,,46.04,
2012.8858,,47.16,,
2012.8861,,,45.54,
2012.9132,,,43.14,
2012.9156,,43.66,,
2012.9404,,,45.04,
2012.9454,,43.26,,
2012.9658,,39.06,,
2012.9675,,,41.04,
2012.9862,,38.56,,
2012.9946,,,40.74,
2013.0162,,40.86,,
2013.0218,,,39.74,
2013.0459,,38.16,,
2013.0489,,,38.74,
2013.0758,,41.26,,
2013.0761,,,39.94,
2013.0961,,38.06,,
2013.1031,,,38.44,
2013.1167,,38.16,,
2013.1304,,,35.34,
2013.1464,,36.36,,
2013.1575,,,36.64,
2013.1846,,,37.84,
2013.2118,,,36.34,
2013.2196,,32.96,,
2013.2265,,34.46,,
2013.2469,,35.56,,
2013.2765,,32.16,,
2013.2933,,,33.34,
2013.3066,,29.46,,
2013.3204,,,35.84,
2013.3269,,30.36,,
2013.3473,,36.76,,
2013.3475,,,35.84,
2013.3747,,,33.64,
2013.3771,,36.36,,
2013.4018,,,32.84,
2013.407,,34.86,,
2013.429,,,32.74,
2013.4368,,30.66,,
2013.4561,,,31.64,
2013.4572,,27.06,,
2013.4833,,,33.64,
2013.5104,,,33.14,
2013.5376,,,33.84,
2013.5648,,,36.34,
2013.5919,,,37.44,
2013.619,,,34.54,
2013.6462,,,36.04,
2013.6696,,,41.04,
2013.7071,,,38.64,
2013.7276,,,41.34,
2013.7548,,,43.34,
2013.7819,,,44.34,
2013.8091,,,47.54,
2013.8362,,,48.84,
2013.8634,,,46.44,
2013.8905,,,44.84,
2013.9177,,,42.94,
2013.9448,,,39.44,
2013.972,,,40.24,
2013.9992,,,40.54,
2014.0263,,,39.24,
2014.0534,,,38.34,
2014.0806,,,35.44,
2014.1077,,,36.84,
2014.1349,,,38.74,
2014.162,,,38.04,
2014.1891,,,38.04,
2014.2163,,,36.54,
2014.2435,,,36.04,
2014.2705,,,36.24,
2014.2978,,,36.04,
2014.3249,,,33.64,
2014.352,,,33.14,
2014.3791,,,33.14,
2014.4063,,,34.04,
2014.4334,,,33.24,
2014.4606,,,35.64,
2014.4878,,,37.54,
2014.5149,,,39.04,
2014.5421,,,39.64,
2014.5692,,,37.74,
2014.5964,,,41.04,
2014.6235,,,44.04,
2014.6507,,,45.84,
2014.6777,,,46.64,
2014.705,,,47.64,
2014.7321,,,45.94,
2014.7593,,,48.74,
2014.7864,,,52.54,
2014.8136,,,52.24,
2014.8407,,,49.44,
2014.8679,,,48.94,
2014.895,,,44.74,
2014.9222,,,45.04,
2014.9493,,,52.24,
2014.9776,,,48.54,
2015.0036,,,43.54,
2015.0308,,,45.64,
2015.0579,,,44.44,
2015.085,,,45.54,
2015.1122,,,45.34,
2015.1394,,,46.84,
2015.1664,,,45.54,
2015.1936,,,43.74,
2015.2207,,,43.14,
2015.2479,,,44.14,
2015.275,,,45.04,
2015.3023,,,44.04,
2015.3293,,,43.34,
2015.3565,,,41.84,
2015.3837,,,40.14,
2015.4108,,,42.44,
2015.438,,,43.64,
2015.465,,,44.54,
2015.4923,,,45.94,
2015.5194,,,45.54,
2015.5465,,,46.74,
2015.5736,,,47.84,
2015.6009,,,50.94,
2015.628,,,50.94,
2015.6551,,,56.24,
2015.6823,,,57.74,
2015.7094,,,57.24,
2015.7366,,,59.94,
2015.7637,,,61.24,
2015.7909,,,62.34,
2015.8181,,,64.54,
2015.8452,,,60.84,
2015.8723,,,56.74,
2015.8995,,,58.94,
2015.9267,,,58.64,
2015.9538,,,56.44,
2015.981,,,54.44,
2016.008,,,49.54,
2016.0353,,,52.14,
2016.0624,,,55.04,
2016.0896,,,50.84,
2016.1167,,,52.94,
2016.1228,,,,51.38
2016.1438,,,51.34,50.78
2016.171,,,51.34,50.78
2016.1959,,,,48.38
2016.1981,,,49.04,
2016.2252,,,51.64,52.48
2016.2513,,,49.74,
2016.2524,,,,49.08
2016.2795,,,48.84,
2016.2796,,,,48.88
2016.3066,,,,47.18
2016.3067,,,47.54,
2016.3338,,,47.24,
2016.3339,,,,46.68
2016.361,,,46.94,46.78
2016.3881,,,45.44,46.38
2016.4153,,,48.24,48.38
2016.4424,,,48.34,
2016.4425,,,,48.18
2016.4696,,,50.64,50.28
2016.4967,,,48.94,49.08
2016.5238,,,48.94,
2016.5239,,,,48.98
2016.5511,,,50.04,49.58
2016.5782,,,48.84,47.98
2016.6053,,,49.74,48.78
2016.6325,,,50.24,49.08
2016.6596,,,55.34,
2016.6597,,,,54.68
2016.6868,,,57.64,57.48
2016.7139,,,57.44,58.88
2016.7411,,,56.24,58.48
2016.7683,,,,57.08
2016.7905,,,56.54,
2016.7954,,,,60.48
2016.8089,,,60.34,
2016.8225,,,,61.08
2016.8361,,,59.84,
2016.8497,,,,62.68
2016.8633,,,60.44,
2016.8769,,,,62.88
2016.8904,,,61.24,
2016.904,,,,65.48
2016.9175,,,60.64,
2016.9298,,,,61.28
2016.9446,,,58.64,
2016.9583,,,,58.18
2016.9718,,,56.94,
2016.9854,,,,55.88
2016.999,,,53.24,
2017.0126,,,,54.08
2017.0261,,,54.44,
2017.0397,,,,54.58
2017.0532,,,53.74,
2017.0669,,,,52.38
2017.0804,,,51.34,
2017.094,,,,49.08
2017.1075,,,47.74,
2017.1211,,,,48.68
2017.1347,,,49.44,
2017.1483,,,,48.18
2017.1619,,,48.04,
2017.1755,,,,49.18
2017.1889,,,50.04,
2017.2026,,,,49.08
2017.2035,,,51.04,
2017.2297,,,,49.38
2017.2507,,,51.14,
2017.2569,,,,50.48
2017.2704,,,49.54,
2017.284,,,,48.58
2017.2976,,,51.04,
2017.3111,,,,48.38
2017.3247,,,49.14,
2017.3383,,,,47.98
2017.3521,,,48.34,
2017.3655,,,,47.28
2017.3714,,,47.04,
2017.3926,,,,44.18
2017.4198,,,,46.98
2017.447,,,,46.88
2017.4741,,,,47.38
2017.5012,,,,48.98
2017.5284,,,,49.78
2017.5555,,,,50.38
2017.5827,,,,55.08
2017.6098,,,,54.18
2017.637,,,,55.28
2017.6641,,,,57.48
2017.6913,,,,60.88
2017.7185,,,,62.48
2017.7456,,,,60.88
2017.7727,,,,61.88
2017.7999,,,,63.98
2017.8271,,,,65.78
2017.8542,,,,67.08
2017.8813,,,,65.98
2017.9085,,,,65.88
2017.9356,,,,64.28
2017.9628,,,,63.28
2017.9899,,,,58.98
2018.017,,,,57.68
2018.0442,,,,57.48
2018.0713,,,,57.18
2018.0985,,,,56.58
2018.1256,,,,51.98
2018.1527,,,,50.08
2018.18,,,,53.48
2018.207,,,,53.38
2018.2342,,,,51.68
2018.2613,,,,49.48
2018.2886,,,,50.68
2018.3156,,,,50.88
2018.3428,,,,51.28
2018.37,,,,50.98
2018.3971,,,,49.68
2018.4242,,,,50.68
2018.4513,,,,50.88
2018.4786,,,,50.68
2018.5057,,,,51.68
2018.5328,,,,54.28
2018.56,,,,55.18
2018.5871,,,,55.38
2018.6143,,,,56.88
2018.6415,,,,58.28
2018.6686,,,,60.58
2018.6958,,,,64.48
2018.7229,,,,65.18
2018.75,,,,69.08
2018.7772,,,,67.68
2018.8044,,,,69.18
2018.8315,,,,70.98
2018.8586,,,,68.58
2018.8858,,,,66.98
2018.9129,,,,64.48
2018.9401,,,,64.18
2018.9673,,,,63.28
2018.9944,,,,62.98
2019.0215,,,,59.78
2019.0486,,,,63.58
2019.0758,,,,59.48
2019.103,,,,60.68
2019.1301,,,,58.98
2019.1463,,,,58.38
2019.1877,,,,58.28
2019.2115,,,,60.18
2019.2387,,,,58.88
2019.2596,,,,57.38
2019.293,,,,56.78
2019.3202,,,,58.48
2019.3473,,,,60.58
2019.3745,,,,57.38
2019.4016,,,,55.78
2019.4287,,,,54.98
2019.4559,,,,59.38
2019.483,,,,59.38
2019.5102,,,,61.18
2019.5374,,,,60.18
2019.5645,,,,60.68
2019.5917,,,,61.88
2019.6187,,,,66.58
2019.6459,,,,69.08
2019.6731,,,,68.98
2019.7002,,,,70.68
2019.7274,,,,71.58
2019.7545,,,,70.68
2019.7817,,,,73.18
2019.8088,,,,72.98
2019.836,,,,71.48
2019.8631,,,,74.78
2019.8903,,,,72.28
2019.9174,,,,71.28
2019.9446,,,,70.98
2019.9717,,,,68.88
2019.9989,,,,67.48
2020.026,,,,63.58
2020.0531,,,,61.28
2020.0749,,,,61.98
2020.1119,,,,65.78
2020.1346,,,,63.98
2020.1617,,,,60.18
2020.1889,,,,61.68
2020.216,,,,58.18
2020.2432,,,,60.08
2020.2703,,,,62.28
2020.2975,,,,59.68
2020.3247,,,,59.18
2020.3518,,,,60.88
2020.3789,,,,61.38
2020.4061,,,,62.38
2020.4332,,,,62.48
2020.4595,,,,59.68
2020.4875,,,,62.58
2020.5147,,,,62.08
2020.5418,,,,63.98
2020.569,,,,65.58
2020.5961,,,,66.48
2020.6232,,,,65.38
2020.6504,,,,68.18
2020.6776,,,,70.98
2020.7048,,,,72.28
2020.7319,,,,73.48
2020.759,,,,75.48
2020.7862,,,,77.78
2020.8115,,,,78.18
2020.8413,,,,79.68
2020.8676,,,,77.68
2020.8948,,,,73.28
2020.9219,,,,75.78
2020.949,,,,72.78
2020.9762,,,,72.08
2021.0033,,,,71.38
2021.0305,,,,71.88
2021.0576,,,,70.88
2021.0848,,,,71.78
2021.1119,,,,67.38
2021.139,,,,64.78
2021.1662,,,,62.68
2021.1934,,,,64.28
2021.2205,,,,65.18
2021.2477,,,,67.48
2021.2748,,,,68.28
2021.3015,,,,68.08
2021.3291,,,,63.98
2021.3562,,,,65.38
2021.3834,,,,66.48
2021.4105,,,,65.38
2021.4377,,,,62.58
2021.4649,,,,66.38
2021.492,,,,67.18
2021.5192,,,,68.08
2021.5463,,,,68.18
2021.5735,,,,71.58
2021.6005,,,,73.28
2021.6278,,,,74.98
2021.6549,,,,72.28
2021.6821,,,,75.18
2021.7092,,,,78.58
2021.7364,,,,79.58
2021.7635,,,,81.28
2021.7906,,,,82.08
2021.8178,,,,84.38
2021.8449,,,,81.88
2021.8721,,,,79.78
2021.8992,,,,81.38
2021.9264,,,,82.58
2021.9535,,,,76.98
2021.9807,,,,73.98
2022.0078,,,,74.88
2022.035,,,,75.98
2022.0622,,,,75.58
2022.0892,,,,71.98
2022.1156,,,,73.08
2022.1427,,,,67.08
2022.1704,,,,64.48
2022.1971,,,,67.58
2022.2238,,,,71.38
2022.2521,,,,69.58
2022.2658,,,,71.28
2022.32,,,,64.18
2022.339,,,,67.78
2022.3661,,,,65.98
2022.3933,,,,67.48
2022.4204,,,,65.98
2022.4475,,,,67.38
2022.4747,,,,67.38
2022.5019,,,,70.68
2022.5291,,,,72.08
2022.5561,,,,73.58
2022.5833,,,,71.58
2022.6104,,,,70.48
2022.6376,,,,73.48
2022.6648,,,,74.28
2022.6919,,,,78.18
2022.7191,,,,79.68
2022.7463,,,,83.38
2022.7733,,,,82.98
2022.7992,,,,82.68
2022.8295,,,,83.48
2022.8538,,,,84.28